id,sex,grade,ma,ipa,ra,lra,tca,plan,selfcontrol,persist,dare,ts,c1,m1,e1
1,1,2,108,112,112,109,107,123,111,117,127,232.52 ,85.33 ,54.49 ,92.70 
2,1,2,108,107,100,112,109,110,111,97,122,201.11 ,73.33 ,50.00 ,77.78 
3,1,2,109,102,115,98,113,102,105,104,97,170.67 ,26.22 ,51.56 ,92.89 
4,1,2,108,117,109,101,102,102,116,105,112,188.06 ,62.22 ,90.45 ,35.39 
5,1,2,115,127,116,108,119,114,111,117,92,237.33 ,59.56 ,92.44 ,85.33 
6,1,2,113,99,102,103,100,97,105,109,97,149.18 ,46.22 ,36.69 ,66.27 
7,1,2,110,105,101,106,105,97,116,105,102,171.82 ,49.33 ,52.07 ,70.41 
8,1,2,115,126,116,116,115,127,121,113,112,245.50 ,88.00 ,64.61 ,92.89 
9,1,2,121,111,110,112,110,112,111,97,107,200.00 ,93.33 ,21.33 ,85.33 
10,1,2,106,117,117,115,98,123,105,113,102,216.00 ,75.11 ,61.78 ,79.11 
11,1,2,118,101,103,109,89,85,100,97,92,142.54 ,55.56 ,59.17 ,27.81 
12,1,2,108,113,108,90,94,97,105,113,92,152.76 ,65.78 ,26.04 ,60.95 
13,1,2,103,105,111,96,90,115,114,101,107,165.05 ,30.22 ,54.49 ,80.34 
14,1,2,99,105,113,104,79,99,99,97,89,114.31 ,58.22 ,28.09 ,28.00 
15,1,2,109,100,104,98,106,102,105,109,101,156.44 ,26.22 ,38.67 ,91.56 
16,1,2,116,124,108,115,108,106,111,126,124,228.50 ,73.33 ,85.39 ,69.78 
17,1,2,119,107,105,112,96,119,127,117,122,212.70 ,51.56 ,62.92 ,98.22 
18,1,2,87,106,116,106,77,93,90,97,102,99.56 ,19.11 ,80.44 ,0.00 
19,1,2,119,112,113,109,104,123,137,109,112,236.36 ,81.33 ,78.70 ,76.33 
20,1,2,122,108,111,114,117,131,116,105,122,236.89 ,88.44 ,69.33 ,79.11 
21,1,2,115,121,108,112,98,114,132,109,122,222.67 ,65.78 ,65.78 ,91.11 
22,1,2,109,132,118,123,116,110,111,109,112,240.40 ,74.67 ,85.39 ,80.34 
23,1,2,105,106,101,113,108,106,137,122,117,189.88 ,55.56 ,94.08 ,40.24 
24,1,2,115,98,114,105,92,102,116,105,97,171.70 ,71.11 ,44.97 ,55.62 
25,1,2,108,113,113,105,98,102,111,105,107,183.23 ,61.33 ,68.64 ,53.25 
26,1,2,103,99,105,98,95,114,105,89,102,152.89 ,41.33 ,78.67 ,32.89 
27,1,2,64,87,100,106,99,93,105,101,92,100.10 ,65.78 ,16.57 ,17.75 
28,1,2,105,112,106,109,103,99,105,109,117,181.77 ,82.67 ,59.55 ,39.56 
29,1,2,110,105,108,113,108,110,137,113,112,214.46 ,76.00 ,54.44 ,84.02 
30,1,2,88,97,114,104,88,106,105,97,92,118.67 ,15.56 ,93.33 ,9.78 
31,1,2,124,107,102,101,101,93,100,113,92,149.82 ,78.22 ,64.50 ,7.10 
32,1,2,115,122,113,107,101,114,132,109,112,225.23 ,49.33 ,80.34 ,95.56 
33,1,2,64,88,107,110,79,97,74,89,87,24.44 ,4.00 ,3.56 ,16.89 
34,1,2,108,116,98,98,99,114,132,113,107,176.53 ,35.11 ,64.50 ,76.92 
35,1,2,115,104,115,103,93,110,113,109,97,183.83 ,56.44 ,94.94 ,32.44 
36,1,2,123,116,114,114,109,131,137,146,122,288.79 ,97.78 ,99.44 ,91.57 
37,1,2,110,114,97,114,99,106,137,108,112,199.84 ,89.78 ,52.07 ,57.99 
38,1,2,132,116,105,118,111,131,137,130,102,243.25 ,60.89 ,92.13 ,90.22 
39,1,2,83,97,112,98,89,85,84,101,87,73.99 ,34.67 ,33.15 ,6.18 
40,1,2,93,103,99,105,89,119,114,117,113,147.19 ,98.67 ,4.14 ,44.38 
41,1,2,120,107,109,110,98,123,111,126,122,225.44 ,94.67 ,38.46 ,92.31 
42,1,2,82,120,97,107,97,106,111,109,102,147.11 ,22.22 ,90.67 ,34.22 
43,1,2,90,109,104,102,91,114,116,113,102,158.67 ,34.22 ,82.22 ,42.22 
44,1,2,97,89,105,99,96,97,95,69,66,92.80 ,36.00 ,42.01 ,14.79 
45,1,2,135,127,117,114,100,97,121,123,111,255.60 ,85.78 ,98.22 ,71.60 
46,1,2,88,96,113,105,85,106,84,101,92,109.82 ,38.22 ,20.12 ,51.48 
47,1,2,122,100,110,113,105,106,122,109,112,208.16 ,43.56 ,96.63 ,67.98 
48,1,2,121,118,117,110,94,131,132,130,138,280.32 ,98.67 ,87.57 ,94.08 
49,1,2,102,96,104,98,85,81,116,97,97,136.44 ,41.33 ,56.89 ,38.22 
50,1,2,105,97,98,108,58,97,100,97,92,129.33 ,11.11 ,85.33 ,32.89 
51,1,2,103,96,101,94,87,93,112,89,97,143.56 ,63.11 ,36.44 ,44.00 
52,1,2,113,121,110,109,115,105,121,113,117,220.89 ,79.11 ,87.56 ,54.22 
53,1,2,109,109,98,98,96,102,116,105,102,160.44 ,81.33 ,65.78 ,13.33 
54,1,2,97,107,113,103,91,110,108,105,107,168.64 ,51.56 ,77.53 ,39.56 
55,1,2,82,90,112,101,86,93,79,85,92,16.89 ,11.11 ,1.33 ,4.44 
56,2,2,103,119,104,113,100,102,111,105,111,183.56 ,26.22 ,61.78 ,95.56 
57,2,2,119,118,116,118,110,97,105,93,97,166.92 ,80.00 ,33.15 ,53.78 
58,2,2,128,118,121,106,116,110,116,103,115,218.48 ,68.89 ,62.92 ,86.67 
59,2,2,113,116,116,109,94,98,105,101,102,170.82 ,73.33 ,24.16 ,73.33 
60,2,2,105,117,105,114,112,110,127,113,107,205.62 ,97.33 ,26.04 ,82.25 
61,2,2,121,109,112,112,92,109,114,105,102,193.62 ,58.22 ,98.88 ,36.52 
62,2,2,121,113,107,116,108,110,100,109,116,202.47 ,71.11 ,68.64 ,62.72 
63,2,2,103,100,103,98,102,93,95,97,92,138.46 ,96.44 ,28.99 ,13.02 
64,2,2,110,75,97,98,59,76,79,77,82,99.82 ,40.00 ,14.04 ,45.78 
65,2,2,95,116,102,109,91,106,105,109,117,166.67 ,56.00 ,29.78 ,80.89 
66,2,2,103,117,102,104,99,114,127,117,92,172.70 ,80.00 ,62.92 ,29.78 
67,2,2,97,120,100,106,95,110,116,113,102,244.16 ,88.00 ,94.38 ,61.78 
68,2,2,99,94,99,106,78,60,100,92,77,77.26 ,25.78 ,0.00 ,51.48 
69,2,2,102,99,104,105,82,72,105,89,102,131.09 ,22.67 ,69.66 ,38.76 
70,2,2,95,96,110,100,86,93,100,104,102,134.48 ,60.89 ,47.19 ,26.40 
71,2,2,113,116,105,115,103,123,116,121,111,211.56 ,99.11 ,56.89 ,55.56 
72,2,2,104,102,110,104,94,111,121,130,112,210.49 ,91.56 ,56.21 ,62.72 
73,2,2,139,124,122,114,105,114,116,111,115,252.44 ,71.11 ,95.11 ,86.22 
74,2,2,90,109,112,94,99,101,109,109,102,159.11 ,68.00 ,61.78 ,29.33 
75,2,2,105,109,100,107,91,102,111,109,97,151.28 ,36.44 ,75.28 ,39.56 
76,2,2,95,98,110,105,94,102,100,93,97,136.19 ,64.00 ,7.69 ,64.50 
77,2,2,114,106,109,112,95,110,107,126,107,200.89 ,59.56 ,44.00 ,97.33 
78,2,2,105,116,107,109,98,110,105,109,102,179.14 ,66.22 ,77.53 ,35.39 
79,2,2,135,117,112,107,116,123,116,122,133,255.74 ,78.22 ,91.72 ,85.80 
80,2,2,110,110,99,112,99,99,112,105,112,176.00 ,34.22 ,85.33 ,56.44 
81,2,2,103,91,102,101,78,110,99,109,97,133.33 ,28.89 ,72.89 ,31.56 
82,2,2,111,105,107,112,112,102,116,105,102,188.00 ,32.00 ,85.33 ,70.67 
83,2,2,115,120,115,112,103,111,118,101,115,204.03 ,88.00 ,42.70 ,73.33 
84,2,2,116,114,104,106,95,119,137,122,107,201.42 ,43.56 ,62.92 ,94.94 
85,2,2,112,95,97,104,77,85,105,97,101,139.56 ,37.78 ,4.44 ,97.33 
86,2,2,103,93,107,98,88,103,111,117,107,152.88 ,82.67 ,19.10 ,51.11 
87,2,2,132,133,125,116,124,102,127,105,121,246.22 ,97.33 ,82.22 ,66.67 
88,2,2,97,99,99,102,77,97,90,97,97,129.81 ,52.89 ,17.75 ,59.17 
89,2,2,101,108,104,109,108,64,63,69,72,80.44 ,3.56 ,38.67 ,38.22 
90,2,2,95,112,105,115,86,110,105,97,112,171.67 ,46.22 ,95.27 ,30.18 
91,2,2,110,106,100,102,85,102,105,105,102,148.89 ,83.56 ,44.00 ,21.33 
92,2,2,115,118,109,114,114,106,121,121,117,228.68 ,93.78 ,71.35 ,63.56 
93,2,2,90,105,93,106,88,110,111,101,92,145.07 ,64.00 ,46.15 ,34.91 
94,2,2,113,121,114,111,107,106,101,97,104,177.46 ,36.44 ,85.39 ,55.62 
95,2,2,132,123,113,109,100,131,116,138,107,268.00 ,88.44 ,80.44 ,99.11 
96,2,2,95,114,99,106,99,110,108,117,116,156.29 ,40.00 ,73.03 ,43.26 
97,2,2,110,106,107,100,77,97,105,109,77,137.78 ,28.89 ,21.33 ,87.56 
98,2,2,112,109,111,121,105,113,111,114,97,208.93 ,85.33 ,93.82 ,29.78 
99,2,2,116,113,104,114,112,131,116,122,123,219.11 ,56.00 ,65.78 ,97.33 
100,2,2,97,96,109,106,87,81,95,93,87,92.68 ,50.67 ,33.73 ,8.28 
101,2,2,122,108,111,92,79,89,95,85,82,78.20 ,64.00 ,7.10 ,7.10 
102,2,2,115,105,102,119,112,131,137,146,127,213.64 ,93.78 ,37.64 ,82.22 
103,2,2,119,110,117,114,104,110,112,109,107,214.23 ,97.78 ,51.12 ,65.33 
104,2,2,121,105,114,107,114,131,127,146,138,281.33 ,97.78 ,92.44 ,91.11 
105,2,2,102,118,113,104,93,110,105,101,102,169.33 ,92.00 ,36.44 ,40.89 
106,2,2,113,111,109,103,86,76,100,113,112,153.33 ,85.33 ,27.11 ,40.89 
107,2,2,125,125,116,113,105,131,132,142,102,285.91 ,93.78 ,93.82 ,98.31 
108,2,2,101,104,110,104,89,110,111,109,97,164.73 ,51.56 ,35.39 ,77.78 
109,2,2,93,61,97,102,62,76,68,73,82,72.00 ,13.78 ,31.56 ,26.67 
110,2,2,109,113,114,99,113,72,105,99,97,144.34 ,73.33 ,71.01 ,0.00 
111,2,2,114,114,112,107,112,113,137,126,127,255.56 ,95.56 ,97.78 ,62.22 
112,2,2,110,93,109,110,103,60,94,81,77,71.80 ,35.11 ,6.51 ,30.18 
113,2,2,99,121,111,110,99,102,105,109,102,182.45 ,35.11 ,68.64 ,78.70 
114,2,2,83,95,99,104,97,93,111,93,101,144.89 ,49.78 ,65.78 ,29.33 
115,2,2,102,97,113,99,98,72,111,90,56,64.89 ,49.78 ,2.22 ,12.89 
116,2,2,105,97,114,100,68,89,92,101,87,82.60 ,38.22 ,26.63 ,17.75 
117,2,2,102,94,94,104,80,110,98,89,92,164.00 ,46.67 ,51.56 ,65.78 
118,2,2,98,93,106,89,75,106,105,93,77,98.14 ,39.56 ,2.96 ,55.62 
119,2,2,112,112,109,115,108,102,117,93,114,195.40 ,92.44 ,35.50 ,67.46 
120,2,2,103,106,110,103,112,93,102,101,107,162.22 ,17.33 ,48.89 ,96.00 
121,2,2,88,93,100,97,57,110,116,99,102,127.77 ,75.11 ,8.28 ,44.38 
122,2,2,97,110,110,97,35,106,100,93,102,76.63 ,25.78 ,26.40 ,24.44 
123,2,2,98,105,110,103,100,102,116,105,102,165.33 ,44.00 ,48.89 ,72.44 
124,1,2,128,106,101,115,103,127,137,138,122,202.67 ,75.11 ,56.89 ,70.67 
125,2,2,110,98,106,98,91,68,90,109,98,111.69 ,49.33 ,6.74 ,55.62 
126,2,2,139,105,116,119,110,114,111,109,109,233.64 ,96.00 ,47.19 ,90.45 
127,1,2,121,102,108,108,96,114,121,105,107,198.85 ,62.22 ,66.85 ,69.78 
128,1,2,128,117,111,117,116,106,132,130,107,253.78 ,99.11 ,69.33 ,85.33 
129,2,2,112,101,110,100,104,82,73,65,97,69.73 ,36.00 ,22.49 ,11.24 
130,2,2,119,109,111,99,93,81,111,101,87,143.11 ,41.33 ,78.67 ,23.11 
131,2,2,88,94,95,101,78,97,100,97,82,111.64 ,68.44 ,15.38 ,27.81 
132,1,2,121,113,117,112,121,131,137,142,122,292.09 ,94.67 ,98.31 ,99.11 
133,1,2,115,120,111,108,103,119,111,109,102,208.89 ,49.78 ,96.89 ,62.22 
134,1,2,110,105,94,106,99,106,121,97,107,196.03 ,80.00 ,42.70 ,73.33 
135,1,2,115,114,103,109,115,123,116,130,133,214.77 ,85.78 ,32.54 ,96.45 
136,2,2,93,110,108,104,77,72,105,85,97,99.11 ,28.89 ,12.00 ,58.22 
137,2,2,115,121,113,113,100,106,121,113,107,217.73 ,85.78 ,71.60 ,60.36 
138,1,2,116,97,120,115,110,102,127,122,97,244.22 ,95.11 ,68.64 ,80.47 
139,2,2,105,107,90,106,115,131,111,134,112,173.33 ,26.22 ,61.78 ,85.33 
140,2,2,93,104,96,99,69,100,111,105,87,109.78 ,49.78 ,48.89 ,11.11 
141,1,2,119,119,112,117,108,115,121,115,102,229.33 ,75.11 ,71.56 ,82.67 
142,1,2,88,93,110,110,108,93,95,97,92,132.00 ,81.33 ,44.00 ,6.67 
143,1,2,128,112,108,119,105,106,116,117,107,216.00 ,88.44 ,85.33 ,42.22 
144,1,2,141,118,114,110,100,131,121,134,127,271.58 ,85.78 ,95.27 ,90.53 
145,1,2,107,118,113,115,99,97,105,97,122,181.33 ,59.56 ,27.11 ,94.67 
146,2,2,64,98,98,105,77,97,98,93,97,112.64 ,51.56 ,7.30 ,53.78 
147,1,2,108,119,114,104,104,97,113,97,112,175.11 ,83.56 ,89.33 ,2.22 
148,2,2,90,113,88,111,95,106,115,109,117,146.52 ,50.67 ,63.31 ,32.54 
149,1,2,122,112,114,97,88,81,100,89,66,75.49 ,31.11 ,40.83 ,3.55 
150,2,2,121,115,110,112,118,115,105,109,127,225.78 ,96.00 ,39.33 ,90.45 
151,1,2,95,116,110,102,98,110,111,117,112,195.79 ,55.56 ,81.07 ,59.17 
152,2,2,95,108,97,101,78,93,105,105,77,102.74 ,36.44 ,26.40 ,39.89 
153,2,2,122,83,111,99,84,68,90,89,97,71.11 ,9.78 ,29.78 ,31.56 
154,1,2,99,71,102,107,88,102,105,101,92,117.69 ,88.00 ,1.69 ,28.00 
155,1,2,113,94,108,99,96,89,105,105,82,138.22 ,75.11 ,12.00 ,51.11 
156,1,2,75,96,103,107,99,85,105,93,77,102.75 ,61.33 ,31.95 ,9.47 
157,2,2,110,109,113,102,96,114,100,97,107,162.25 ,80.00 ,73.37 ,8.88 
158,1,2,113,114,110,104,92,102,116,105,102,176.70 ,56.44 ,62.92 ,57.33 
159,1,2,97,111,108,118,118,137,137,146,133,296.60 ,99.56 ,98.82 ,98.22 
160,2,2,115,120,105,104,99,102,111,101,92,175.24 ,82.67 ,21.91 ,70.67 
161,1,2,112,120,114,110,119,112,105,101,107,200.67 ,40.00 ,80.34 ,80.34 
162,2,2,110,105,104,106,94,127,121,97,97,185.19 ,85.78 ,60.95 ,38.46 
163,1,2,119,109,110,110,113,110,116,109,112,212.69 ,73.33 ,82.02 ,57.33 
164,1,2,117,97,101,116,96,114,116,105,115,191.44 ,31.56 ,69.66 ,90.22 
165,2,2,108,112,105,106,115,114,105,122,107,193.78 ,79.11 ,89.33 ,25.33 
166,2,2,114,107,114,101,107,85,105,93,102,140.03 ,54.22 ,42.70 ,43.11 
167,2,2,92,107,103,101,100,106,116,113,102,155.56 ,22.22 ,38.67 ,94.67 
168,2,2,112,107,115,107,111,114,111,105,102,199.56 ,63.11 ,53.78 ,82.67 
169,1,2,90,108,110,112,98,110,109,107,97,169.78 ,81.33 ,75.56 ,12.89 
170,1,2,124,118,117,120,116,106,116,105,113,227.56 ,53.78 ,90.67 ,83.11 
171,2,2,78,77,96,105,77,85,100,89,87,99.94 ,57.33 ,31.95 ,10.65 
172,2,2,110,89,105,97,85,93,100,77,102,134.35 ,51.56 ,21.91 ,60.89 
173,2,2,103,104,108,98,87,85,79,73,77,30.88 ,21.33 ,2.25 ,7.30 
174,2,2,84,81,98,104,97,89,90,89,92,124.79 ,57.33 ,35.50 ,31.95 
175,1,2,83,105,102,99,98,85,95,97,97,127.11 ,9.78 ,72.89 ,44.44 
176,2,2,98,99,99,108,101,97,111,93,102,169.78 ,85.33 ,29.78 ,54.67 
177,2,2,99,92,111,99,108,97,90,91,97,113.78 ,41.33 ,40.89 ,31.56 
178,1,3,69,89,115,104,106,89,90,93,102,97.64 ,30.22 ,24.16 ,43.26 
179,1,3,121,116,107,104,115,131,116,134,122,239.44 ,99.56 ,43.82 ,96.07 
180,1,3,114,102,115,114,97,106,111,113,122,209.73 ,76.00 ,56.21 ,77.51 
181,1,3,110,94,109,109,96,85,95,81,92,119.17 ,34.67 ,44.94 ,39.56 
182,1,3,93,107,86,105,100,102,116,113,97,118.67 ,16.44 ,36.44 ,65.78 
183,1,3,99,95,110,111,97,89,95,97,102,141.33 ,12.89 ,36.44 ,92.00 
184,1,3,83,91,110,110,98,81,111,113,82,137.95 ,32.89 ,40.45 ,64.61 
185,1,3,110,113,111,114,119,102,113,130,111,236.00 ,79.11 ,65.78 ,91.11 
186,1,3,113,100,99,107,103,114,111,113,97,167.29 ,40.89 ,52.81 ,73.60 
187,1,3,102,109,113,101,95,110,132,117,107,203.78 ,66.22 ,50.00 ,87.56 
188,1,3,77,101,115,103,88,76,90,93,87,68.98 ,31.11 ,16.57 ,21.30 
189,1,3,115,101,106,109,109,110,111,109,143,208.79 ,88.00 ,44.94 ,75.84 
190,1,3,119,115,118,110,108,113,127,126,134,266.86 ,94.67 ,74.56 ,97.63 
191,1,3,142,122,116,112,116,123,114,133,127,270.40 ,87.56 ,84.02 ,98.82 
192,1,3,113,98,106,103,93,97,105,97,122,173.78 ,65.78 ,95.11 ,12.89 
193,1,3,102,116,106,113,103,131,137,126,121,233.50 ,68.89 ,75.28 ,89.33 
194,1,3,73,101,111,98,108,64,95,81,99,72.36 ,30.22 ,12.36 ,29.78 
195,1,3,139,115,105,116,107,106,121,132,107,211.20 ,73.33 ,87.57 ,50.30 
196,1,3,102,111,101,107,108,110,121,117,102,178.50 ,68.44 ,73.37 ,36.69 
197,1,3,115,121,112,124,119,123,132,126,133,263.01 ,93.78 ,89.35 ,79.88 
198,1,3,112,102,113,104,100,89,116,109,112,182.51 ,66.22 ,42.70 ,73.60 
199,1,3,119,107,109,107,104,114,127,142,127,241.78 ,65.78 ,96.89 ,79.11 
200,1,3,126,121,124,126,114,123,137,122,133,289.78 ,92.00 ,99.56 ,98.22 
201,1,3,103,107,106,104,112,110,111,113,117,192.19 ,66.22 ,66.85 ,59.11 
202,1,3,108,111,116,111,122,119,116,113,102,231.34 ,85.78 ,70.41 ,75.15 
203,1,3,108,87,93,99,78,110,101,105,105,137.85 ,85.33 ,6.74 ,45.78 
204,1,3,113,111,110,107,104,97,105,98,107,178.32 ,42.22 ,68.64 ,67.46 
205,1,3,114,111,111,115,113,119,116,117,121,238.11 ,80.00 ,69.66 ,88.44 
206,1,3,113,99,111,103,101,72,111,89,97,136.00 ,32.00 ,27.11 ,76.89 
207,1,3,103,116,111,111,98,119,105,103,97,182.38 ,74.67 ,64.61 ,43.11 
208,1,3,128,124,111,118,114,102,116,117,117,240.50 ,81.33 ,94.08 ,65.09 
209,1,3,113,112,103,106,97,119,117,101,122,199.85 ,68.89 ,56.74 ,74.22 
210,1,3,110,88,113,97,94,93,105,93,102,124.44 ,51.56 ,38.67 ,34.22 
211,1,3,83,96,114,104,105,97,79,93,87,98.62 ,68.44 ,10.65 ,19.53 
212,1,3,102,112,111,110,70,85,84,81,77,81.88 ,49.33 ,24.85 ,7.69 
213,1,3,93,108,99,103,69,110,95,101,102,141.42 ,24.00 ,82.02 ,35.39 
214,1,3,95,95,110,99,99,107,108,101,102,157.78 ,75.11 ,29.78 ,52.89 
215,1,3,108,104,111,107,104,89,111,105,107,177.33 ,68.00 ,15.56 ,93.78 
216,1,3,95,103,103,102,104,106,116,117,92,159.56 ,37.78 ,72.89 ,48.89 
217,1,3,103,115,97,103,106,106,121,122,97,155.56 ,44.00 ,95.56 ,16.00 
218,1,3,110,86,105,101,102,89,100,101,102,150.22 ,34.22 ,24.89 ,91.11 
219,1,3,93,104,104,96,102,93,100,89,77,131.57 ,40.00 ,31.46 ,60.11 
220,1,3,117,112,110,115,115,119,132,122,112,240.79 ,75.11 ,73.96 ,91.72 
221,1,3,124,113,110,114,115,114,116,115,116,233.71 ,87.56 ,73.37 ,72.78 
222,1,3,97,93,98,101,74,119,74,92,77,122.40 ,66.22 ,26.40 ,29.78 
223,1,3,102,109,104,113,100,81,84,73,99,154.66 ,49.33 ,30.18 ,75.15 
224,1,3,99,99,113,102,111,81,84,85,102,103.11 ,41.33 ,18.22 ,43.56 
225,1,3,103,97,114,106,96,85,111,97,101,144.74 ,43.56 ,78.70 ,22.49 
226,1,3,105,106,112,102,96,97,111,104,102,169.33 ,80.00 ,59.55 ,29.78 
227,1,3,102,99,113,100,102,68,84,89,72,66.92 ,39.11 ,22.49 ,5.33 
228,1,3,99,113,112,104,102,110,116,109,102,189.77 ,97.78 ,59.55 ,32.44 
229,1,3,103,107,112,100,109,89,105,108,107,176.35 ,58.22 ,31.46 ,86.67 
230,1,3,128,121,108,114,105,114,116,112,107,215.11 ,96.00 ,56.89 ,62.22 
231,1,3,108,103,109,111,111,106,118,114,117,202.76 ,68.44 ,76.33 ,57.99 
232,1,3,110,115,108,108,102,119,127,138,143,244.89 ,75.11 ,78.67 ,91.11 
233,1,3,114,115,108,113,107,127,111,126,102,211.45 ,60.89 ,80.34 ,70.22 
234,1,3,84,102,110,107,105,97,95,93,99,137.05 ,43.56 ,40.83 ,52.66 
235,1,3,101,104,117,102,114,102,109,101,113,180.00 ,79.11 ,75.56 ,25.33 
236,1,3,105,114,106,119,108,110,121,126,112,206.67 ,83.56 ,75.56 ,47.56 
237,1,3,80,95,99,104,31,89,100,97,102,88.17 ,47.11 ,5.06 ,36.00 
238,1,3,93,102,109,53,65,110,111,101,102,114.40 ,28.44 ,82.02 ,3.93 
239,1,3,93,68,104,100,77,89,79,97,82,66.67 ,9.78 ,40.89 ,16.00 
240,1,3,103,94,104,92,59,106,95,99,97,118.22 ,59.56 ,31.56 ,27.11 
241,1,3,77,91,115,97,106,106,111,93,97,121.22 ,49.33 ,10.11 ,61.78 
242,1,3,56,110,104,102,66,114,105,95,77,102.26 ,27.11 ,60.36 ,14.79 
243,1,3,108,97,103,28,84,102,95,113,97,82.22 ,0.44 ,32.89 ,48.89 
244,1,3,108,110,110,104,99,85,90,81,107,127.11 ,11.56 ,44.00 ,71.56 
245,1,3,103,99,113,106,98,81,100,77,107,100.99 ,62.22 ,12.36 ,26.40 
246,1,3,115,106,110,108,99,106,111,105,107,186.22 ,82.22 ,78.67 ,25.33 
247,1,3,99,91,92,104,88,93,91,97,82,131.19 ,24.44 ,16.29 ,90.45 
248,1,3,108,112,109,107,101,123,132,126,117,233.51 ,88.00 ,59.55 ,85.96 
249,1,3,90,88,113,107,83,89,100,105,102,127.43 ,42.22 ,40.83 ,44.38 
250,1,3,105,108,103,111,113,110,114,115,107,187.11 ,92.00 ,48.89 ,46.22 
251,1,3,104,97,115,112,98,106,101,93,101,149.74 ,43.56 ,73.03 ,33.15 
252,1,3,93,97,112,110,102,99,109,101,102,160.32 ,75.11 ,6.51 ,78.70 
253,1,3,99,111,105,102,95,97,90,93,99,152.31 ,89.33 ,37.64 ,25.33 
254,1,3,116,102,105,104,97,115,127,113,122,198.22 ,88.44 ,27.11 ,82.67 
255,1,3,83,90,111,97,92,81,111,81,102,94.17 ,68.89 ,17.98 ,7.30 
256,1,3,99,111,108,110,104,89,101,117,98,173.78 ,65.78 ,95.11 ,12.89 
257,1,3,83,103,115,104,87,93,74,52,56,19.56 ,19.11 ,0.00 ,0.44 
258,1,3,102,113,103,90,61,76,95,97,82,98.03 ,68.44 ,3.55 ,26.04 
259,1,3,116,104,112,112,114,102,111,97,112,187.41 ,89.78 ,22.49 ,75.15 
260,1,3,99,102,108,104,91,119,100,109,102,171.78 ,58.22 ,50.00 ,63.56 
261,1,3,84,79,101,108,63,93,95,77,92,117.78 ,32.00 ,32.89 ,52.89 
262,1,3,132,122,131,125,121,106,105,122,112,277.94 ,89.78 ,92.31 ,95.86 
263,1,3,105,107,115,102,114,114,116,113,134,225.09 ,73.33 ,88.20 ,63.56 
264,1,3,95,107,105,97,101,93,100,97,107,157.33 ,55.56 ,33.73 ,68.05 
265,1,3,112,108,107,111,104,119,127,126,117,214.22 ,99.56 ,40.89 ,73.78 
266,1,3,102,98,111,102,98,85,84,101,100,126.00 ,73.33 ,13.61 ,39.05 
267,1,3,113,108,113,97,98,97,137,122,133,233.78 ,97.33 ,48.89 ,87.56 
268,1,3,118,105,110,110,101,102,100,126,112,201.89 ,80.00 ,22.49 ,99.41 
269,1,3,102,111,107,109,99,110,116,113,102,183.96 ,55.56 ,42.01 ,86.39 
270,2,3,115,109,119,102,95,114,105,97,115,175.74 ,49.33 ,86.52 ,39.89 
271,2,3,99,99,113,99,101,85,79,73,72,45.78 ,3.56 ,36.44 ,5.78 
272,2,3,113,102,108,100,60,102,111,85,97,126.13 ,64.00 ,14.20 ,47.93 
273,2,3,115,110,109,99,95,114,121,113,102,193.78 ,81.33 ,24.89 ,87.56 
274,2,3,111,105,109,108,102,127,127,126,117,230.33 ,60.89 ,89.89 ,79.56 
275,2,3,119,118,115,114,122,102,116,126,102,254.22 ,85.33 ,69.33 ,99.56 
276,2,3,83,97,110,112,103,102,90,85,77,114.67 ,2.67 ,85.33 ,26.67 
277,2,3,98,106,102,105,107,123,121,117,102,180.27 ,61.33 ,28.99 ,89.94 
278,2,3,110,115,105,109,101,102,131,113,127,203.55 ,98.67 ,19.10 ,85.78 
279,2,3,102,106,108,103,106,102,111,97,102,173.31 ,55.56 ,76.33 ,41.42 
280,2,3,108,109,119,102,106,76,79,69,87,28.02 ,25.78 ,1.69 ,0.56 
281,2,3,109,101,108,103,100,110,100,97,97,163.52 ,42.22 ,76.33 ,44.97 
282,2,3,124,112,109,109,98,106,121,117,138,224.10 ,89.78 ,59.17 ,75.15 
283,2,3,111,114,110,104,114,109,112,112,107,200.99 ,68.44 ,97.63 ,34.91 
284,2,3,103,108,105,115,101,102,127,117,133,202.09 ,54.22 ,78.09 ,69.78 
285,2,3,122,113,110,109,107,106,105,101,118,193.78 ,71.11 ,71.56 ,51.11 
286,2,3,117,117,117,112,120,123,132,122,117,261.38 ,89.78 ,90.53 ,81.07 
287,2,3,117,109,114,107,114,97,116,114,112,210.33 ,54.22 ,89.89 ,66.22 
288,2,3,110,109,104,94,75,76,79,81,66,94.37 ,23.56 ,13.48 ,57.33 
289,2,3,121,103,107,109,92,114,101,142,98,191.42 ,97.33 ,82.25 ,11.83 
290,2,3,110,113,114,121,122,106,127,126,122,260.62 ,74.67 ,95.51 ,90.45 
291,2,3,102,105,109,108,103,97,104,100,102,164.44 ,46.67 ,24.89 ,92.89 
292,2,3,113,109,113,106,103,68,105,93,87,124.46 ,35.11 ,57.40 ,31.95 
293,2,3,103,90,112,106,97,60,95,77,66,49.42 ,32.00 ,13.48 ,3.93 
294,2,3,105,106,111,98,95,81,84,81,77,85.78 ,68.00 ,8.00 ,9.78 
295,2,3,119,116,106,103,90,101,121,113,107,188.21 ,82.67 ,39.33 ,66.22 
296,2,3,88,98,94,104,106,110,111,109,98,145.78 ,71.11 ,15.56 ,59.11 
297,2,3,113,103,113,105,100,93,84,101,98,152.44 ,53.78 ,82.67 ,16.00 
298,2,3,73,73,114,100,77,106,127,97,102,115.71 ,44.89 ,24.16 ,46.67 
299,2,3,102,100,104,104,99,85,100,105,82,136.46 ,44.89 ,7.87 ,83.71 
300,2,3,113,115,107,101,99,123,114,117,107,194.22 ,75.11 ,56.89 ,62.22 
301,2,3,103,105,102,105,104,106,121,97,107,183.06 ,51.11 ,97.04 ,34.91 
302,2,3,98,99,102,98,101,97,84,101,82,122.67 ,71.11 ,0.44 ,51.11 
303,2,3,112,108,115,106,120,115,111,109,116,211.41 ,85.33 ,86.52 ,39.56 
304,2,3,99,111,113,111,114,106,111,105,97,186.22 ,79.11 ,99.56 ,7.56 
305,2,3,113,88,111,97,110,47,79,56,77,45.33 ,1.33 ,36.44 ,7.56 
306,2,3,97,91,103,93,94,114,90,101,102,144.60 ,60.89 ,10.11 ,73.60 
307,2,3,122,113,107,116,114,114,127,124,97,218.46 ,78.22 ,52.66 ,87.57 
308,2,3,115,113,108,105,109,102,116,105,102,191.22 ,93.78 ,19.66 ,77.78 
309,2,3,103,104,107,111,102,99,101,109,97,167.11 ,22.22 ,98.67 ,46.22 
310,2,3,105,108,105,115,110,119,105,110,103,191.11 ,59.56 ,69.33 ,62.22 
311,2,3,112,119,110,109,107,110,116,113,117,210.02 ,73.33 ,81.07 ,55.62 
312,2,3,93,61,101,99,74,76,99,93,66,55.47 ,22.22 ,12.36 ,20.89 
313,2,3,56,97,100,107,84,114,116,99,87,124.44 ,41.33 ,51.56 ,31.56 
314,2,3,103,98,99,108,106,85,100,93,72,148.70 ,56.44 ,33.15 ,59.11 
315,2,3,108,109,113,104,93,102,127,113,97,192.45 ,96.00 ,10.65 ,85.80 
316,2,3,83,69,107,95,55,97,91,101,92,66.04 ,26.67 ,3.37 ,36.00 
317,2,3,110,117,108,106,99,114,137,126,112,218.67 ,59.56 ,65.78 ,93.33 
318,2,3,112,102,109,102,101,119,121,109,97,190.67 ,96.00 ,59.17 ,35.50 
319,2,3,115,113,105,99,108,114,105,109,117,193.03 ,93.78 ,2.81 ,96.44 
320,2,3,95,87,94,101,69,97,102,113,102,93.84 ,38.22 ,15.38 ,40.24 
321,2,3,99,61,91,101,46,102,102,101,97,90.22 ,9.78 ,3.56 ,76.89 
322,2,3,110,105,113,111,97,93,105,97,87,153.78 ,15.56 ,69.33 ,68.89 
323,2,3,119,108,107,116,99,89,95,73,92,156.01 ,61.33 ,92.90 ,1.78 
324,2,3,79,100,113,101,77,99,105,93,72,86.46 ,44.89 ,29.78 ,11.80 
325,2,3,90,96,114,100,95,93,105,96,77,114.67 ,37.78 ,8.00 ,68.89 
326,2,3,79,92,109,104,99,102,90,77,87,95.01 ,29.33 ,1.18 ,64.50 
327,2,3,95,105,93,99,78,93,111,97,92,152.00 ,53.78 ,15.56 ,82.67 
328,2,3,128,104,106,108,122,119,121,126,117,221.78 ,93.33 ,69.33 ,59.11 
329,2,3,139,110,118,121,105,76,111,69,61,62.67 ,32.00 ,5.33 ,25.33 
330,2,3,102,102,111,105,110,114,100,109,77,172.61 ,82.67 ,31.95 ,57.99 
331,2,3,82,91,97,102,78,106,95,98,92,120.89 ,26.22 ,78.67 ,16.00 
332,2,3,128,111,114,108,113,116,121,109,97,215.35 ,75.11 ,68.64 ,71.60 
333,2,3,126,121,107,112,121,131,132,142,117,257.78 ,79.11 ,87.56 ,91.11 
334,2,3,119,97,112,107,96,89,90,105,82,145.62 ,39.11 ,56.21 ,50.30 
335,2,3,113,121,123,125,148,102,137,130,117,294.82 ,97.78 ,99.41 ,97.63 
336,2,3,118,109,114,115,127,119,116,121,128,257.87 ,89.33 ,88.20 ,80.34 
337,2,3,108,106,107,101,102,97,116,101,112,179.56 ,56.00 ,89.33 ,34.22 
338,2,3,102,113,115,101,109,99,111,109,107,192.00 ,68.00 ,92.44 ,31.56 
339,2,3,95,90,104,99,87,106,105,97,77,122.71 ,49.33 ,54.44 ,18.93 
340,2,3,79,105,106,108,95,89,98,97,72,117.33 ,71.11 ,23.11 ,23.11 
341,2,3,108,121,109,113,118,112,105,109,113,206.67 ,79.11 ,44.00 ,83.56 
342,2,3,99,100,109,104,86,103,95,113,87,149.25 ,73.33 ,12.36 ,63.56 
343,2,3,128,114,119,115,126,99,105,105,112,213.77 ,54.22 ,65.73 ,93.82 
344,2,3,117,105,115,124,122,127,137,131,102,266.95 ,91.11 ,85.39 ,90.45 
345,2,3,115,103,108,109,91,102,102,93,101,160.44 ,53.78 ,65.78 ,40.89 
346,1,1,108,100,109,104,105,131,116,122,113,194.26 ,73.33 ,93.82 ,27.11 
347,1,1,121,114,113,106,100,110,110,113,107,186.25 ,73.33 ,92.13 ,20.79 
348,1,1,115,123,114,109,106,110,119,115,127,234.74 ,82.67 ,57.40 ,94.67 
349,1,1,113,111,115,107,104,106,90,97,77,123.11 ,22.22 ,20.00 ,80.89 
350,1,1,100,74,94,99,75,76,127,105,92,70.67 ,32.00 ,20.00 ,18.67 
351,1,1,117,94,106,103,99,93,79,93,87,100.91 ,68.89 ,28.09 ,3.93 
352,1,1,139,118,114,107,115,106,116,117,112,242.37 ,98.67 ,73.03 ,70.67 
353,1,1,111,110,110,108,103,119,116,134,127,232.89 ,94.22 ,61.78 ,76.89 
354,1,1,116,108,115,112,99,89,105,97,61,107.56 ,7.11 ,29.78 ,70.67 
355,1,1,110,94,112,101,92,68,90,69,102,28.89 ,1.33 ,23.11 ,4.44 
356,1,1,108,115,102,108,108,127,116,102,122,191.11 ,32.00 ,95.11 ,64.00 
357,1,1,108,86,96,103,60,102,100,97,102,108.44 ,41.33 ,4.89 ,62.22 
358,1,1,119,102,103,116,88,123,116,117,112,174.93 ,80.00 ,43.82 ,51.11 
359,1,1,121,119,111,116,100,106,113,118,112,208.40 ,78.22 ,77.51 ,52.66 
360,1,1,108,87,107,97,80,110,111,97,92,113.18 ,60.89 ,16.29 ,36.00 
361,1,1,150,124,112,109,111,106,127,117,112,250.86 ,99.11 ,77.53 ,74.22 
362,1,1,114,113,108,116,99,110,101,97,108,162.67 ,49.78 ,48.89 ,64.00 
363,1,1,110,102,111,107,102,131,105,109,117,184.72 ,71.11 ,44.97 ,68.64 
364,1,1,112,117,115,119,110,105,104,117,112,216.00 ,63.11 ,78.67 ,74.22 
365,1,1,114,103,115,102,93,114,121,109,97,175.56 ,81.33 ,8.00 ,86.22 
366,1,1,99,93,87,98,79,93,95,93,92,131.11 ,75.11 ,23.11 ,32.89 
367,1,1,109,109,107,106,98,110,101,113,97,146.36 ,42.22 ,10.65 ,93.49 
368,1,1,149,112,126,117,122,102,116,107,112,242.67 ,88.44 ,80.44 ,73.78 
369,1,1,115,107,106,111,107,112,105,116,97,167.11 ,28.89 ,69.33 ,68.89 
370,1,1,109,119,114,115,114,123,116,111,122,229.44 ,80.00 ,56.74 ,92.70 
371,1,1,95,95,96,98,94,85,79,73,56,117.98 ,52.89 ,44.97 ,20.12 
372,1,1,104,89,112,108,94,64,79,81,102,39.56 ,15.56 ,8.00 ,16.00 
373,1,1,124,105,113,112,98,102,122,117,122,213.41 ,66.22 ,71.35 ,75.84 
374,1,1,117,121,117,104,100,114,137,105,133,222.67 ,89.78 ,78.67 ,54.22 
375,1,1,102,109,112,107,102,97,100,99,114,142.40 ,56.44 ,69.66 ,16.29 
376,1,1,108,115,101,107,104,110,114,122,117,154.05 ,35.11 ,82.84 ,36.09 
377,1,1,75,81,99,101,77,93,95,97,92,62.22 ,28.89 ,12.00 ,21.33 
378,1,1,105,105,110,100,100,106,111,113,115,168.44 ,56.00 ,71.56 ,40.89 
379,1,1,99,91,99,98,104,64,100,73,72,114.22 ,51.56 ,51.56 ,11.11 
380,1,1,90,95,108,101,66,119,95,85,98,84.44 ,9.78 ,18.22 ,56.44 
381,1,1,112,103,104,112,95,106,95,98,87,138.22 ,63.11 ,53.78 ,21.33 
382,1,1,90,98,100,101,99,102,105,109,117,129.13 ,47.11 ,21.91 ,60.11 
383,1,1,105,107,105,103,102,102,116,97,99,146.22 ,59.56 ,20.00 ,66.67 
384,1,1,109,113,115,104,105,114,121,109,107,186.05 ,31.56 ,89.89 ,64.61 
385,1,1,105,91,98,113,81,111,99,97,107,140.44 ,35.11 ,89.35 ,15.98 
386,1,1,113,105,112,110,91,102,95,93,102,126.24 ,35.11 ,49.11 ,42.01 
387,1,1,121,98,113,109,103,110,105,117,117,191.51 ,85.33 ,8.99 ,97.19 
388,1,1,97,115,115,103,91,102,107,97,92,121.06 ,38.22 ,54.44 ,28.40 
389,1,1,110,92,107,103,88,85,95,93,87,88.95 ,31.56 ,38.46 ,18.93 
390,1,1,84,100,95,110,71,97,84,93,92,100.89 ,65.78 ,12.00 ,23.11 
391,1,1,119,112,108,114,107,99,101,101,114,173.33 ,56.00 ,98.67 ,18.67 
392,1,1,88,112,110,98,99,97,111,105,97,136.90 ,42.22 ,40.83 ,53.85 
393,1,1,115,98,106,109,91,85,95,77,56,78.67 ,12.89 ,16.89 ,48.89 
394,1,1,99,84,99,102,78,93,90,89,92,96.00 ,44.00 ,48.89 ,3.11 
395,1,1,117,111,109,99,113,110,104,105,107,173.78 ,34.22 ,93.33 ,46.22 
396,1,1,112,119,114,111,110,114,127,130,112,256.00 ,75.11 ,85.78 ,95.11 
397,1,1,110,108,115,108,97,68,95,89,72,56.06 ,40.89 ,0.00 ,15.17 
398,1,1,119,115,104,119,118,123,115,111,112,208.08 ,61.33 ,82.25 ,64.50 
399,1,1,93,102,108,107,101,119,90,93,97,130.99 ,99.44 ,27.11 ,4.44 
400,1,1,82,108,99,104,97,106,90,89,97,137.78 ,46.67 ,61.78 ,29.33 
401,1,1,102,108,109,109,90,114,105,113,87,144.00 ,63.11 ,1.78 ,79.11 
402,1,1,104,109,103,115,97,92,100,89,77,135.73 ,52.89 ,38.46 ,44.38 
403,1,1,119,112,114,108,108,131,137,134,127,267.62 ,93.78 ,85.39 ,88.44 
404,1,1,115,116,114,109,112,114,113,113,112,211.53 ,93.78 ,30.18 ,87.57 
405,1,1,110,103,110,110,98,95,88,101,77,111.76 ,47.11 ,17.98 ,46.67 
406,1,1,102,101,100,105,73,81,74,85,87,86.22 ,12.89 ,29.78 ,43.56 
407,1,1,110,111,112,106,105,119,121,122,117,220.34 ,82.67 ,80.34 ,57.33 
408,1,1,95,103,105,100,94,97,90,89,77,90.89 ,43.56 ,24.85 ,22.49 
409,1,1,110,98,109,104,89,102,105,101,97,135.84 ,29.33 ,46.15 ,60.36 
410,1,1,116,105,115,109,99,118,116,109,112,187.01 ,66.22 ,77.53 ,43.26 
411,1,1,105,111,109,109,107,131,100,117,116,187.87 ,80.00 ,37.64 ,70.22 
412,1,1,119,114,103,108,99,110,121,109,107,181.78 ,46.67 ,44.00 ,91.11 
413,1,1,90,97,100,99,83,110,105,105,98,109.65 ,26.22 ,60.36 ,23.08 
414,1,1,97,100,94,99,82,89,100,93,82,112.00 ,37.78 ,48.89 ,25.33 
415,1,1,132,126,123,116,122,114,116,113,127,266.57 ,99.11 ,77.51 ,89.94 
416,1,1,113,103,118,107,88,106,84,93,82,82.22 ,37.78 ,21.33 ,23.11 
417,1,1,112,101,112,102,105,114,90,113,98,155.35 ,36.44 ,71.35 ,47.56 
418,1,1,109,109,110,111,97,111,123,122,117,197.95 ,68.89 ,75.28 ,53.78 
419,1,1,106,96,98,99,73,110,98,101,92,108.89 ,2.22 ,40.89 ,65.78 
420,1,1,103,116,110,104,93,110,105,101,117,153.78 ,57.33 ,47.34 ,49.11 
421,1,1,121,117,114,113,115,106,111,122,112,241.24 ,80.00 ,91.01 ,70.22 
422,1,1,109,112,110,114,116,114,116,117,143,237.33 ,96.44 ,61.78 ,79.11 
423,1,1,88,67,90,91,65,85,95,89,102,91.56 ,44.00 ,1.33 ,46.22 
424,1,1,107,111,113,104,109,127,111,122,122,227.34 ,80.00 ,63.31 ,84.02 
425,1,1,102,103,101,89,63,64,42,77,97,40.89 ,6.22 ,24.89 ,9.78 
426,1,1,139,118,123,115,108,131,111,113,106,258.11 ,80.00 ,85.21 ,92.90 
427,1,1,115,112,113,112,102,93,102,97,102,143.00 ,32.89 ,29.78 ,80.34 
428,1,1,99,119,111,104,94,106,111,113,107,172.89 ,88.44 ,65.78 ,18.67 
429,1,1,128,112,118,109,94,114,105,109,114,196.00 ,54.22 ,59.55 ,82.22 
430,1,1,110,106,110,109,107,97,103,122,127,185.33 ,92.00 ,90.67 ,2.67 
431,1,1,112,102,107,107,91,110,100,105,97,141.78 ,37.78 ,65.78 ,38.22 
432,1,1,113,105,106,110,101,119,106,105,107,172.58 ,40.00 ,35.39 ,97.19 
433,1,1,112,89,98,108,69,103,91,103,89,93.05 ,28.44 ,28.09 ,36.52 
434,1,1,103,112,111,113,104,93,90,89,77,99.16 ,54.22 ,4.49 ,40.44 
435,1,1,108,110,108,115,111,99,111,105,115,178.22 ,92.00 ,9.33 ,76.89 
436,1,1,103,115,109,111,100,114,111,109,112,255.56 ,85.33 ,89.33 ,80.89 
437,1,1,109,107,108,109,96,114,116,97,112,166.97 ,71.11 ,81.07 ,14.79 
438,1,1,105,111,106,114,106,131,127,126,127,215.56 ,98.22 ,51.56 ,65.78 
439,1,1,97,116,112,104,95,102,102,126,127,188.89 ,37.78 ,82.22 ,68.89 
440,1,1,102,88,95,105,83,97,95,101,82,89.33 ,27.11 ,29.78 ,32.44 
441,1,1,115,107,113,114,93,106,116,114,112,185.33 ,59.56 ,87.56 ,38.22 
442,1,1,141,115,121,115,108,123,132,142,143,294.97 ,97.78 ,97.75 ,99.44 
443,1,1,103,90,101,107,99,106,105,93,87,137.78 ,46.67 ,61.78 ,29.33 
444,1,1,97,107,99,112,82,110,95,101,61,97.86 ,52.89 ,20.12 ,24.85 
445,1,1,116,100,105,110,98,97,105,109,118,151.46 ,85.78 ,35.50 ,30.18 
446,1,1,84,114,92,95,78,93,105,105,97,87.11 ,19.11 ,5.78 ,62.22 
447,1,1,92,110,106,104,99,103,84,97,87,110.22 ,79.11 ,23.11 ,8.00 
448,1,1,95,101,111,110,101,93,100,81,77,73.12 ,31.11 ,28.99 ,13.02 
449,1,1,108,89,99,110,70,93,95,97,92,98.96 ,31.56 ,16.29 ,51.11 
450,1,1,115,112,114,105,124,110,114,109,112,205.50 ,80.00 ,64.61 ,60.89 
451,1,1,105,106,116,100,83,102,90,97,102,103.67 ,43.56 ,39.33 ,20.79 
452,1,1,113,97,98,107,63,76,84,89,82,86.67 ,1.78 ,13.33 ,71.56 
453,1,1,110,90,99,99,80,106,100,97,97,120.90 ,28.00 ,2.96 ,89.94 
454,1,1,102,86,100,101,72,89,84,101,92,69.58 ,38.22 ,13.61 ,17.75 
455,1,1,135,109,110,116,107,114,118,117,117,225.38 ,91.11 ,69.66 ,64.61 
456,1,1,93,71,103,103,95,89,63,93,97,61.61 ,46.22 ,10.65 ,4.73 
457,1,1,103,95,94,93,63,85,105,101,102,85.68 ,21.78 ,31.46 ,32.44 
458,1,1,111,112,110,112,99,110,105,117,138,203.39 ,91.56 ,49.11 ,62.72 
459,1,1,110,123,121,113,108,119,137,130,127,281.75 ,89.33 ,97.75 ,94.67 
460,2,1,104,102,111,103,97,89,111,101,97,131.84 ,27.11 ,63.31 ,41.42 
461,2,1,109,92,109,102,92,106,87,69,87,70.30 ,25.33 ,6.51 ,38.46 
462,2,1,93,71,95,99,76,106,100,89,107,124.00 ,44.00 ,9.33 ,70.67 
463,2,1,99,97,101,94,101,97,95,81,82,121.33 ,15.56 ,53.78 ,52.00 
464,2,1,119,111,109,115,122,123,121,121,107,225.88 ,91.56 ,86.39 ,47.93 
465,2,1,118,106,105,114,94,123,111,109,112,183.27 ,73.33 ,24.16 ,85.78 
466,2,1,108,107,108,112,99,114,94,101,87,140.61 ,50.67 ,13.61 ,76.33 
467,2,1,105,113,113,115,117,127,121,115,114,231.63 ,81.33 ,68.64 ,81.66 
468,2,1,113,89,109,97,89,85,105,110,92,112.29 ,25.78 ,65.73 ,20.79 
469,2,1,93,101,102,94,72,76,100,101,97,71.82 ,49.33 ,20.12 ,2.37 
470,2,1,111,119,115,121,101,99,105,114,114,196.89 ,51.56 ,71.56 ,73.78 
471,2,1,82,98,104,115,49,102,105,113,97,81.78 ,26.22 ,12.00 ,43.56 
472,2,1,103,108,104,107,96,110,79,93,72,111.11 ,63.11 ,9.78 ,38.22 
473,2,1,113,113,109,103,104,119,105,97,107,165.45 ,94.67 ,54.49 ,16.29 
474,2,1,117,115,115,112,119,121,121,105,112,214.67 ,63.11 ,97.33 ,54.22 
475,2,1,110,114,113,115,100,114,116,122,107,218.44 ,64.00 ,96.45 ,57.99 
476,2,1,112,105,115,107,110,127,121,134,117,261.33 ,94.67 ,75.56 ,91.11 
477,2,1,115,105,109,115,98,119,100,102,105,165.33 ,95.11 ,61.78 ,8.44 
478,2,1,99,114,117,108,107,93,95,97,82,111.34 ,65.78 ,13.61 ,31.95 
479,2,1,92,99,100,106,87,106,90,97,82,101.52 ,34.67 ,40.45 ,26.40 
480,2,1,82,89,99,103,58,89,98,77,107,108.10 ,40.00 ,8.99 ,59.11 
481,2,1,93,99,99,99,77,97,99,101,77,81.13 ,46.22 ,24.85 ,10.06 
482,2,1,121,118,121,115,125,102,113,105,102,203.53 ,87.56 ,24.85 ,91.12 
483,2,1,117,116,110,102,109,97,111,98,107,162.02 ,80.00 ,26.40 ,55.62 
484,2,1,110,114,112,104,98,93,98,105,89,140.31 ,46.22 ,88.17 ,5.92 
485,2,1,108,111,106,95,99,106,101,117,102,143.11 ,82.22 ,13.33 ,47.56 
486,2,1,113,122,113,112,120,123,110,105,102,196.37 ,73.33 ,52.81 ,70.22 
487,2,1,112,107,109,116,104,109,105,109,102,173.17 ,61.33 ,28.99 ,82.84 
488,2,1,118,110,112,107,107,131,127,138,102,254.22 ,88.44 ,96.89 ,68.89 
489,2,1,84,109,109,101,100,85,100,81,99,85.78 ,6.22 ,38.67 ,40.89 
490,2,1,104,99,103,107,75,81,105,101,87,93.17 ,47.11 ,5.62 ,40.44 
491,2,1,105,97,110,100,105,110,99,85,99,116.89 ,41.33 ,48.89 ,26.67 
492,2,1,110,79,106,96,82,101,98,99,99,96.89 ,22.22 ,36.44 ,38.22 
493,2,1,90,97,114,99,112,102,95,93,92,94.67 ,7.11 ,15.56 ,72.00 
494,2,1,106,109,109,105,98,119,111,105,97,157.68 ,26.22 ,56.74 ,74.72 
495,2,1,101,93,114,106,86,89,79,85,82,31.11 ,16.44 ,8.00 ,6.67 
496,2,1,117,118,114,105,106,99,116,101,107,174.42 ,56.44 ,88.20 ,29.78 
497,2,1,109,111,112,106,96,114,116,112,117,184.84 ,49.33 ,86.39 ,49.11 
498,2,1,95,81,107,89,80,72,84,89,72,25.78 ,4.44 ,2.67 ,18.67 
499,2,1,110,109,114,102,104,85,111,105,97,143.11 ,68.00 ,69.33 ,5.78 
500,2,1,95,99,106,105,108,85,95,93,82,98.42 ,35.11 ,47.34 ,15.98 
501,2,1,103,96,96,99,98,110,100,105,92,119.32 ,61.33 ,36.69 ,21.30 
502,2,1,110,108,98,109,102,85,100,77,76,153.60 ,31.11 ,85.21 ,37.28 
503,2,1,97,88,98,103,89,119,100,85,66,131.11 ,28.89 ,4.44 ,97.78 
504,2,1,105,60,89,94,62,110,99,113,102,28.44 ,24.89 ,0.59 ,2.96 
505,2,1,114,107,108,107,99,93,100,101,77,125.59 ,40.00 ,62.92 ,22.67 
506,2,1,101,102,95,108,73,106,79,97,97,112.00 ,11.11 ,20.00 ,80.89 
507,2,1,104,117,114,114,108,108,104,105,97,172.44 ,94.22 ,56.89 ,21.33 
508,2,1,128,110,113,115,119,105,105,105,114,195.84 ,87.56 ,20.12 ,88.17 
509,2,1,121,117,115,113,102,110,118,116,107,219.05 ,78.22 ,70.41 ,70.41 
510,2,1,105,110,108,103,108,110,117,113,97,171.48 ,82.67 ,52.81 ,36.00 
511,2,1,119,111,106,116,100,102,116,103,102,175.11 ,32.00 ,87.56 ,55.56 
512,2,1,114,116,116,110,116,127,121,122,102,252.96 ,96.00 ,96.07 ,60.89 
513,2,1,102,102,113,108,97,114,90,89,86,97.09 ,33.33 ,17.98 ,45.78 
514,2,1,110,89,106,93,97,114,105,105,97,136.89 ,79.11 ,40.89 ,16.89 
515,2,1,112,105,110,106,103,131,111,121,102,190.05 ,71.11 ,91.12 ,27.81 
516,2,1,110,114,108,116,109,114,121,122,102,195.95 ,64.00 ,52.07 ,79.88 
517,2,1,149,120,127,119,120,112,115,118,138,282.68 ,91.56 ,95.86 ,95.27 
518,2,1,115,110,108,111,112,102,116,103,102,175.73 ,30.22 ,85.39 ,60.11 
519,2,1,103,115,116,103,98,127,113,109,116,189.33 ,65.78 ,85.33 ,38.22 
520,2,1,113,123,112,103,104,114,111,117,117,209.78 ,89.78 ,61.78 ,58.22 
521,2,1,103,97,110,106,92,93,105,89,92,100.00 ,17.33 ,31.56 ,51.11 
522,2,1,108,116,113,98,100,123,121,101,111,182.08 ,85.33 ,37.64 ,59.11 
523,2,1,69,105,106,102,102,72,68,73,87,42.65 ,28.44 ,13.61 ,0.59 
524,2,1,108,113,106,111,125,131,113,112,107,202.67 ,63.11 ,75.56 ,64.00 
525,2,1,90,102,103,106,82,110,116,97,97,136.44 ,46.67 ,48.89 ,40.89 
526,2,1,103,82,110,104,88,89,95,85,92,67.11 ,49.78 ,15.56 ,1.78 
527,2,1,115,106,106,116,107,97,100,105,87,143.57 ,49.33 ,51.12 ,43.11 
528,2,1,117,107,114,112,101,97,100,101,111,149.78 ,51.56 ,82.22 ,16.00 
529,2,1,110,111,108,119,102,85,111,103,97,146.22 ,26.22 ,61.78 ,58.22 
530,2,1,95,97,101,105,90,93,105,113,103,106.11 ,28.00 ,52.07 ,26.04 
531,2,1,90,106,110,107,100,106,95,89,97,111.39 ,40.00 ,35.39 ,36.00 
532,2,1,83,91,90,106,68,81,116,89,87,125.24 ,61.33 ,17.75 ,46.15 
533,2,1,95,109,99,108,90,102,105,117,107,116.89 ,44.00 ,71.56 ,1.33 
534,2,1,82,77,112,102,78,102,99,113,97,96.44 ,37.78 ,9.33 ,49.33 
535,2,1,98,109,109,102,95,92,90,109,99,125.58 ,43.56 ,21.91 ,60.11 
536,2,1,113,124,114,106,113,114,116,119,113,239.34 ,93.78 ,79.29 ,66.27 
537,2,1,97,109,111,109,95,119,111,113,97,167.52 ,91.11 ,16.29 ,60.11 
538,2,1,110,69,93,102,77,97,105,97,92,101.78 ,4.89 ,32.89 ,64.00 
539,2,1,102,104,111,102,100,102,105,97,92,126.26 ,49.33 ,52.07 ,24.85 
540,2,1,99,98,96,109,91,93,90,97,92,116.44 ,53.78 ,56.89 ,5.78 
541,2,1,84,92,95,94,76,89,105,97,82,77.78 ,22.67 ,44.00 ,11.11 
542,2,1,108,109,108,106,94,98,105,87,77,113.33 ,26.22 ,48.89 ,38.22 
543,2,1,103,103,114,102,106,108,116,104,106,160.89 ,49.78 ,36.44 ,74.67 
544,2,1,97,102,104,100,86,81,68,60,56,52.82 ,23.56 ,3.93 ,25.33 
545,2,1,95,98,97,88,79,106,95,101,99,95.33 ,46.22 ,44.97 ,4.14 
546,2,1,114,98,110,108,94,114,105,113,97,157.36 ,73.33 ,49.11 ,34.91 
547,2,1,132,121,114,123,112,108,119,126,143,267.00 ,92.44 ,89.94 ,84.62 
548,2,1,109,109,109,101,104,106,111,113,107,172.89 ,34.22 ,80.44 ,58.22 
549,2,1,90,107,95,100,85,85,95,101,87,86.67 ,22.22 ,16.89 ,47.56 
550,2,1,105,87,99,56,81,93,84,97,82,44.35 ,20.89 ,1.69 ,21.78 
551,2,1,90,97,101,98,78,85,100,101,87,77.33 ,22.22 ,16.89 ,38.22 
552,2,1,110,117,110,114,110,110,127,134,102,226.89 ,91.11 ,50.00 ,85.78 
553,2,1,114,118,110,100,98,123,121,113,107,188.00 ,71.11 ,18.22 ,98.67 
554,2,1,99,115,120,97,98,97,111,105,97,144.44 ,89.78 ,53.78 ,0.89 
555,2,1,104,108,115,97,102,97,111,106,108,148.67 ,66.22 ,50.00 ,32.44 
556,2,1,88,97,97,92,68,102,90,89,87,92.00 ,19.11 ,51.56 ,21.33 
557,2,1,113,112,119,105,87,114,127,105,107,183.85 ,66.22 ,56.74 ,60.89 
558,2,1,108,99,103,100,76,97,121,105,72,105.41 ,28.44 ,75.28 ,1.69 
559,2,1,98,111,102,106,98,106,116,102,117,161.17 ,43.56 ,35.39 ,82.22 
560,2,1,117,104,112,113,106,99,109,111,98,175.25 ,65.78 ,63.31 ,46.15 
561,2,1,102,117,103,108,98,109,105,102,107,152.49 ,82.67 ,44.97 ,24.85 
562,2,1,101,96,94,103,82,97,79,77,92,146.85 ,71.11 ,2.96 ,72.78 
563,2,1,119,119,118,108,98,119,110,101,102,176.00 ,71.11 ,75.56 ,29.33 
564,2,1,102,83,104,105,69,106,111,101,72,84.89 ,9.78 ,53.78 ,21.33 
565,2,1,103,112,105,109,99,119,105,101,102,155.84 ,80.00 ,47.19 ,28.65 
566,2,1,113,97,110,108,98,106,105,111,107,159.38 ,42.22 ,70.41 ,46.75 
567,2,1,102,97,109,105,77,93,99,89,97,87.56 ,13.78 ,31.56 ,42.22 
568,2,1,128,121,109,114,102,102,132,109,117,211.77 ,57.33 ,84.02 ,70.41 
569,2,1,105,89,101,109,93,110,121,89,102,151.64 ,47.11 ,47.19 ,57.33 
